{"cameraMode":{"drawMode":0,"name":"Shaded","section":"Shading Mode"},"sceneLighting":false,"audioPlay":false,"sceneViewState":{"m_AlwaysRefresh":false,"showFog":true,"showSkybox":false,"showFlares":true,"showImageEffects":true,"showParticleSystems":true,"showVisualEffectGraphs":true,"m_FxEnabled":true},"in2DMode":false,"pivot":{"x":1.7070021629333497,"y":-0.9909672737121582,"z":2.7284858226776125},"rotation":{"x":0.029952913522720338,"y":0.8994529843330383,"z":-0.431505024433136,"w":0.06243274733424187},"size":11.369793891906739,"orthographic":false}