{"cameraMode":{"drawMode":0,"name":"Shaded","section":"Shading Mode"},"sceneLighting":false,"audioPlay":false,"sceneViewState":{"m_AlwaysRefresh":false,"showFog":true,"showSkybox":false,"showFlares":true,"showImageEffects":true,"showParticleSystems":true,"showVisualEffectGraphs":true,"m_FxEnabled":true},"in2DMode":false,"pivot":{"x":0.15471063554286958,"y":5.6502532958984379,"z":-4.453652381896973},"rotation":{"x":0.15561141073703767,"y":-0.02815353311598301,"z":0.0044352272525429729,"w":0.9874133467674255},"size":8.537755012512207,"orthographic":false}